TeamId;GP;G;GA;S;SA;FO%;SB;H;TkA;GvA;InD;PIM/G;PP Ch;PPG;SH GA;SH Ch;PP GA;SHG;Att Total Home;Att Total Away;Att Avg Home;Att Avg Away;Sellouts Home;Sellouts Away;Capacity Use %
0;19;32;64;472;707;48.3;320;390;108;133;0;8.58;53;2;0;69;10;1;159280;134034;17697;13403;0;0;83
3;21;59;66;621;755;46.7;384;474;124;140;0;8.14;63;12;0;65;9;1;215862;149219;19623;14921;8;0;99
5;20;50;54;641;622;49.0;293;415;114;129;0;9.10;75;10;0;68;11;2;116108;138434;11610;13843;0;0;61
8;20;61;57;626;603;50.0;276;437;109;128;0;7.95;57;7;0;58;7;0;241978;135085;21998;15009;5;1;98
9;21;52;65;626;705;51.3;399;491;124;114;0;9.43;61;13;0;71;9;1;130502;155077;13050;14097;0;1;65
10;22;84;75;710;823;50.5;395;478;111;154;0;10.50;86;19;3;91;22;0;160715;171807;14610;15618;0;3;81
11;21;88;64;776;580;51.3;266;438;130;140;0;8.14;70;18;1;62;12;0;158423;118511;13201;13167;0;0;70
12;20;53;69;517;757;47.9;339;487;111;147;0;9.65;69;16;1;81;18;1;106345;198276;13293;16523;0;3;70
14;20;59;54;698;579;51.7;308;353;104;137;0;7.50;62;13;0;61;15;3;186795;130753;16981;14528;0;0;84
15;21;80;63;834;551;50.4;278;395;115;131;0;6.33;80;13;0;54;12;0;186580;170522;18658;15502;10;4;100
16;19;66;60;602;593;49.0;289;407;108;115;0;8.21;67;10;0;69;15;0;158932;163621;17659;16362;1;3;88
17;20;67;58;638;655;50.5;316;465;118;119;0;9.35;50;14;0;65;14;0;213308;116279;17775;14534;1;0;93
18;21;81;55;824;560;49.3;251;470;130;144;0;7.24;75;17;1;65;15;0;130735;227836;18676;16274;5;3;99
19;22;64;75;683;793;51.2;395;434;131;129;0;10.50;78;10;5;81;10;1;118460;187113;13162;14393;0;2;68
20;17;41;55;436;671;51.7;311;351;89;116;0;8.18;63;7;2;56;12;0;136177;78672;11348;15734;0;2;66
21;20;62;56;678;606;50.9;320;389;98;111;0;7.40;59;8;0;67;10;3;145047;150800;16116;13709;2;3;91
22;20;67;43;788;444;46.5;202;408;95;100;0;8.45;75;7;0;70;8;1;200526;125941;18229;13993;6;1;98
23;22;55;62;693;665;50.9;333;441;114;114;0;8.45;73;10;3;77;11;2;153389;158091;13944;14371;0;1;75
24;19;54;63;620;666;52.2;342;370;92;121;0;7.89;59;10;2;60;12;2;135436;132105;13543;14678;0;0;71
25;20;76;63;796;502;51.4;208;353;107;126;0;10.95;67;15;0;69;16;3;156706;158474;15670;15847;1;3;87
26;19;62;58;542;668;48.0;313;400;112;120;0;8.79;52;14;1;68;14;1;111696;144637;11169;16070;0;1;62
27;19;61;59;590;582;50.6;251;361;107;117;0;10.58;69;12;2;63;10;0;172422;134334;17242;14926;5;1;98
28;21;54;75;557;821;51.0;399;537;129;129;0;7.29;75;14;1;77;14;2;88570;145772;8051;14577;0;1;47
29;16;52;38;544;459;52.2;236;358;80;105;0;9.19;47;11;1;51;6;1;163503;67408;13625;16852;0;0;71
30;21;64;63;666;736;48.9;355;445;119;138;0;8.33;77;10;0;71;16;2;156479;155587;14225;15558;0;3;81
31;20;38;65;528;669;51.1;340;411;110;146;0;8.30;59;10;1;62;12;0;108137;155671;12015;14151;0;2;58
32;19;54;64;582;682;44.9;321;408;106;113;0;8.00;56;8;3;57;12;2;82789;151383;10348;13762;0;0;60
33;20;54;68;585;748;51.1;378;402;130;153;0;8.95;65;11;1;68;13;1;76130;174977;8458;15907;0;1;55
34;19;73;43;730;463;51.5;223;362;111;120;0;6.16;71;20;2;56;9;0;113941;182319;16277;15193;0;2;85
35;20;63;59;687;611;51.0;289;463;110;151;0;10.20;82;16;1;67;12;0;152740;149463;16971;13587;1;2;84
36;15;52;51;429;569;46.5;273;254;93;86;0;12.53;56;7;1;69;10;3;20033;31430;3338;3492;0;0;54
37;16;51;51;574;490;49.3;230;310;75;76;0;15.56;66;16;3;82;13;0;100971;43283;12621;5410;0;0;82
38;18;40;72;462;751;51.6;356;347;77;83;0;11.56;83;11;1;81;14;1;58195;49533;7274;4953;0;0;61
39;16;44;55;526;572;46.4;270;312;91;111;0;12.94;80;12;0;74;17;2;70785;35160;7865;5022;0;0;70
40;15;50;50;419;539;47.6;245;335;107;91;0;12.47;52;14;2;67;13;2;57397;74101;8199;9262;0;0;43
41;17;50;48;523;534;47.9;251;377;98;81;0;12.82;80;15;0;79;11;2;44584;49447;5573;5494;0;0;58
42;16;46;55;477;616;47.7;259;303;76;70;0;15.06;65;11;2;77;10;0;27740;51294;3467;6411;0;0;60
43;18;79;42;682;418;51.6;187;352;97;101;0;10.67;75;19;2;73;7;1;71694;30336;7966;3370;0;0;79
44;16;40;62;427;605;51.2;293;280;88;68;0;13.63;70;9;1;65;18;2;43963;15636;3663;3909;0;0;49
45;15;28;48;361;635;48.3;323;332;75;60;0;15.07;57;5;1;67;12;0;22038;47030;2754;6718;0;0;40
46;16;52;42;602;443;56.1;209;347;75;75;0;15.81;74;17;1;56;12;0;56953;60639;7119;7579;0;0;66
47;16;47;47;603;502;51.0;218;322;94;75;0;12.13;80;16;3;64;9;1;34841;37167;4355;4645;0;0;50
48;17;50;69;477;633;53.9;342;310;87;84;0;11.29;73;12;3;73;15;0;16669;48383;2083;5375;0;0;37
49;18;76;42;763;432;45.1;212;356;81;75;0;13.17;88;18;1;74;13;1;44920;35975;5615;3597;0;0;58
50;15;63;32;528;425;50.1;217;257;68;78;0;11.67;71;17;1;64;5;2;53011;63749;7573;7968;0;0;50
51;17;52;33;605;451;52.2;223;326;86;95;0;11.41;78;18;1;78;6;1;45178;50424;5647;5602;0;0;56
52;19;77;31;694;509;47.6;264;434;113;104;0;13.63;98;17;0;95;10;2;42413;54956;3855;6869;0;0;46
53;19;68;45;778;405;49.3;193;420;88;103;0;11.89;88;14;2;84;13;3;92836;49503;10315;4950;0;0;66
54;16;31;66;348;679;46.2;324;407;79;74;0;15.44;66;5;1;84;15;1;33472;79565;4781;8840;0;0;50
55;17;38;68;482;618;48.9;364;351;90;81;0;11.00;70;7;2;71;16;1;11482;38915;1435;4323;0;0;38
56;17;56;44;624;473;53.5;262;387;90;84;0;14.29;94;16;3;76;16;2;18012;49265;2251;5473;0;0;69
57;17;74;42;587;511;48.8;246;345;95;80;0;11.94;65;15;1;75;14;6;29218;29327;2921;4189;0;0;34
58;18;22;83;373;856;47.3;379;370;96;101;0;18.00;76;6;1;100;23;0;28992;32437;2899;4054;0;0;42
59;18;85;31;898;356;56.4;153;316;88;75;0;14.00;125;29;4;98;10;3;48310;43324;4831;5415;0;0;58
60;17;56;62;540;621;49.1;283;315;80;77;0;13.24;77;19;3;89;22;3;103893;46729;12986;5192;0;0;74
61;18;54;53;555;633;51.0;313;385;99;89;0;13.56;77;8;1;75;10;3;25262;57907;2806;6434;0;0;40
62;12;33;41;358;407;47.0;195;235;55;77;0;12.00;50;7;1;54;11;2;50204;45694;10040;6527;0;0;78
63;17;39;53;522;518;50.5;237;315;99;88;0;14.59;83;8;0;89;11;0;55247;47290;6138;5911;0;0;75
64;17;58;58;585;484;51.6;218;320;70;64;0;13.59;86;12;1;78;17;2;74130;59444;9266;6604;0;0;56
65;18;31;70;370;833;50.0;397;365;63;89;0;14.44;90;11;6;98;16;2;31418;50414;3927;5041;0;0;37
67;16;43;58;418;597;48.3;321;279;78;97;0;16.31;77;13;3;74;18;0;20507;24500;2563;3062;0;0;36
69;15;51;38;482;452;47.4;232;270;74;69;0;11.13;58;10;0;58;8;1;20565;20527;2570;2932;0;0;48
71;14;50;30;548;390;56.3;183;279;67;61;0;12.00;89;20;1;65;6;1;43823;26567;5477;4427;0;0;79
72;15;63;30;539;441;51.2;201;318;78;84;0;15.00;66;19;0;63;10;0;22731;41391;2841;5913;0;0;56
73;14;50;51;500;426;49.0;229;262;56;74;0;15.07;63;13;1;66;19;2;31684;31121;4526;4445;0;0;61
74;16;50;58;409;590;51.1;277;311;93;98;0;13.50;64;13;0;75;9;1;33491;31343;3044;6268;0;0;42
75;14;70;47;608;307;55.6;146;316;81;82;0;14.43;64;13;0;57;15;1;13674;40551;2734;4505;0;0;39
76;15;63;36;595;425;54.3;195;250;83;102;0;10.60;70;19;0;64;12;1;51487;38445;7355;4805;0;0;65
77;16;47;39;552;486;54.5;211;294;84;85;0;11.44;69;14;0;67;10;1;17354;50027;2479;5558;0;0;37
78;17;48;60;512;621;49.9;305;293;110;101;0;13.24;77;8;1;74;15;2;26516;30433;2946;3804;0;0;44
80;16;62;32;571;361;53.2;198;313;95;89;0;10.06;76;10;2;54;4;2;25716;26761;2337;5352;0;0;47
81;17;42;65;475;574;47.6;296;314;96;87;0;15.18;77;10;1;91;13;0;58591;23827;7323;2647;0;0;72
82;14;37;51;357;544;47.8;276;275;93;84;0;11.36;73;13;3;69;14;2;22485;35641;3212;5091;0;0;37
85;15;48;50;383;554;48.0;320;322;93;111;0;12.20;62;10;0;68;11;0;14193;41434;2365;4603;0;0;41
86;27;89;90;954;802;52.6;377;484;145;146;0;9.85;112;18;2;110;25;0;50397;78071;4199;5204;0;0;71
87;26;67;86;740;913;49.3;440;481;124;117;0;12.65;110;18;3;111;25;0;25964;73833;1854;6152;0;0;42
88;27;85;71;876;786;49.3;375;485;124;109;0;10.70;118;22;2;104;24;2;18397;87101;1672;5443;0;0;50
89;25;104;61;901;702;52.8;326;478;138;125;0;15.24;125;29;0;120;17;4;53661;64178;4127;5348;0;1;67
90;25;89;71;957;644;46.4;312;422;133;106;0;12.48;113;18;1;118;27;3;80101;80647;8900;5040;0;0;59
91;25;79;62;969;694;46.8;339;456;135;117;0;12.52;120;18;2;94;23;2;14960;70794;1360;5056;0;0;42
92;24;76;99;771;806;47.4;366;496;124;114;0;13.83;84;21;2;95;18;3;201496;53864;18317;4143;1;0;95
93;22;47;97;482;913;45.7;457;387;119;119;0;12.27;78;12;1;105;25;3;153198;34510;15319;2875;0;0;82
94;23;104;60;844;582;53.4;288;471;113;145;0;14.35;98;28;1;98;16;5;28735;42833;2052;4759;0;0;48
95;23;58;82;579;918;51.8;431;511;118;147;0;12.78;110;20;1;94;18;3;34861;40892;2905;3717;0;0;53
96;22;81;73;707;746;52.4;329;372;107;106;0;12.82;97;19;1;99;18;1;29034;60828;2639;5529;0;0;44
97;24;95;83;800;777;49.3;366;509;131;115;0;15.71;121;30;3;124;24;1;39622;58245;2641;6471;0;0;39
98;25;80;100;722;922;46.6;417;515;134;140;0;13.80;113;22;2;98;23;5;44946;50129;3457;4177;0;0;63
99;23;98;76;815;648;52.9;277;427;111;117;0;13.78;95;24;3;89;19;2;57731;37145;4440;3714;0;0;71
100;24;102;72;827;717;53.2;319;415;105;104;0;12.33;93;20;6;94;18;4;44085;39458;3148;3945;0;0;53
101;25;102;98;941;705;47.0;301;411;148;131;0;11.72;114;30;4;99;20;3;43326;52042;3332;4336;0;0;63
102;24;104;78;846;679;52.8;363;468;128;137;0;13.63;107;23;3;102;24;3;55676;59078;4282;5370;0;0;61
103;21;86;73;754;674;51.3;322;379;102;98;0;15.57;90;27;4;102;26;1;44474;67785;4941;5648;0;0;61
104;22;64;96;610;852;47.5;421;403;90;117;0;12.64;83;17;1;98;22;2;111324;37016;9277;3701;0;0;72
105;26;88;87;900;762;52.1;364;447;154;118;0;13.00;111;20;2;104;18;3;52100;66129;3721;5510;0;0;57
106;23;68;84;611;814;50.9;417;411;98;127;0;12.96;94;17;1;101;18;1;71589;69604;7158;5354;0;0;67
107;26;65;132;550;1100;49.0;525;475;116;139;0;12.31;96;27;6;123;29;1;35415;66910;2951;4779;0;0;49
108;23;84;93;722;752;46.7;363;442;131;115;0;15.17;104;18;0;104;23;3;24131;41654;2193;3471;0;0;74
109;23;68;99;655;872;46.3;406;412;81;122;0;15.57;98;19;2;96;31;1;30379;47277;3037;3636;0;0;54
110;21;80;75;657;729;53.1;358;378;81;95;0;13.14;86;20;0;98;19;2;47244;34528;4724;3138;0;0;77
111;22;89;86;636;807;49.4;398;408;107;117;0;13.50;102;22;4;93;15;2;65817;25428;5062;2825;0;0;51
112;22;97;74;822;651;51.9;306;392;103;109;0;15.55;107;26;1;99;16;0;26164;30229;1868;3778;0;0;43
113;24;100;89;872;732;53.6;363;429;136;141;0;14.33;110;29;0;109;23;2;31258;40112;2841;3085;0;0;68
114;21;84;76;611;689;47.0;359;378;94;110;0;15.33;95;18;4;90;17;3;25225;31405;2102;3489;0;0;50
115;23;99;98;805;825;50.3;377;432;135;127;0;16.87;110;29;3;109;29;4;48377;30234;3721;3023;0;0;68
116;22;70;103;658;753;52.8;376;419;112;127;0;15.64;100;13;5;110;24;2;35363;36579;3536;3048;0;0;67
117;22;74;89;715;686;47.5;324;398;119;115;0;15.05;97;25;2;97;23;1;23644;35178;2149;3198;0;0;46
118;23;101;70;886;626;52.1;306;444;106;118;0;17.35;104;30;2;112;27;4;37534;44314;3412;3692;0;0;51
119;23;82;95;806;691;48.2;338;497;138;106;0;12.39;86;12;1;88;23;3;33828;39678;3075;3306;0;0;65
120;24;85;85;796;782;51.2;413;556;106;112;0;10.96;109;24;3;105;18;0;56896;39762;5689;2840;0;0;69
121;24;108;72;868;642;49.5;348;415;114;101;0;14.96;101;25;4;101;25;3;67608;42106;6146;3238;0;0;68
122;25;103;80;1020;727;48.0;373;484;111;112;0;13.80;112;33;0;112;29;2;19094;42198;1468;3516;0;0;42
123;22;77;72;658;746;54.1;361;404;115;96;0;13.18;97;15;1;108;16;1;19723;27831;1643;2783;0;0;41
124;24;56;101;619;844;49.8;426;415;141;127;0;11.88;113;19;2;109;18;5;34147;42142;3104;3241;0;0;56
125;24;89;104;762;841;49.6;406;452;105;108;0;11.08;116;34;4;110;27;0;28970;32558;2228;2959;0;0;41
126;24;99;67;803;815;52.0;384;465;96;119;0;13.00;97;24;3;102;21;1;35065;43042;3506;3074;0;0;71
127;24;83;100;759;920;47.2;424;419;86;126;0;14.71;118;21;0;110;29;2;45717;29929;3516;2720;0;0;54
128;25;93;77;820;738;50.3;371;471;128;121;0;12.04;109;25;1;102;14;3;28517;25542;2592;1824;0;0;65
129;25;74;135;700;994;50.8;556;426;138;129;0;13.96;105;17;2;116;31;2;10687;35648;971;2546;0;0;30
130;26;111;73;1002;674;52.4;319;477;131;143;0;11.62;106;22;4;124;22;2;19848;32195;1526;2476;0;0;42
131;26;77;87;743;917;49.0;451;519;128;128;0;14.00;118;24;2;123;21;3;12862;31228;1169;2081;0;0;49
132;25;93;96;920;852;47.9;393;491;132;137;0;13.60;137;33;2;117;29;2;16432;46969;1369;3613;0;0;47
133;24;111;77;915;643;55.5;329;462;100;151;0;11.08;120;27;2;110;25;5;13624;45108;1238;3469;0;0;45
134;24;72;101;711;908;47.6;443;527;129;127;0;12.46;116;18;5;110;30;2;28859;39655;2404;3304;0;0;55
135;25;75;108;707;855;48.9;441;507;124;114;0;15.56;99;20;3;110;34;3;11601;28475;828;2588;0;0;30
136;26;80;112;710;921;45.4;487;493;127;137;0;18.81;109;25;1;138;35;3;25531;51156;1823;4263;0;0;49
137;28;82;105;788;1003;47.8;547;592;141;137;0;12.82;144;25;5;147;27;2;174030;34440;14502;2152;0;0;79
138;26;131;68;1075;655;52.5;341;468;132;113;0;12.38;138;40;2;108;12;3;39054;47264;2789;3938;0;0;63
139;26;99;97;986;869;52.3;338;475;128;179;0;14.08;119;24;1;112;30;4;17970;26309;1198;2391;0;0;34
140;25;109;90;831;810;51.7;381;487;117;139;0;11.04;116;27;2;114;22;2;30480;38643;2177;3513;0;0;43
141;25;78;74;803;837;49.6;385;473;108;128;0;14.72;115;29;2;125;26;1;111381;28379;8567;2364;0;0;81
142;26;96;92;944;824;52.0;344;545;164;118;0;13.62;135;30;2;138;29;3;64673;62995;5389;4499;0;0;61
143;25;106;108;777;967;45.6;523;483;106;107;0;12.44;98;29;2;114;30;0;34642;40744;2474;3704;0;0;67
144;25;107;110;888;873;51.9;393;466;133;145;0;11.96;128;30;3;114;30;2;56974;57342;4747;4410;0;0;75
149;16;38;61;385;561;52.2;274;243;83;85;0;12.69;65;10;3;68;12;1;19968;80568;3993;7324;0;0;69
151;13;40;43;409;395;47.3;209;263;71;74;0;9.15;52;13;2;52;10;2;18028;5953;1802;1984;0;0;35
152;17;51;54;513;504;52.0;261;323;80;126;0;11.24;78;10;1;70;12;2;17983;36638;2247;4070;0;0;36
157;16;58;45;555;427;48.5;215;371;91;131;0;11.31;74;17;1;74;12;4;103366;33161;12920;4145;0;0;76
158;19;62;59;598;582;51.0;272;334;121;94;0;14.21;85;15;2;99;23;1;30072;54812;3759;4982;0;0;28
165;14;63;47;470;364;50.3;181;226;88;58;0;10.29;55;15;3;53;9;1;11160;21861;1860;2732;0;0;62
167;14;37;36;482;485;49.6;185;318;70;59;0;9.79;48;6;2;46;7;0;30260;38741;4322;5534;0;0;60
169;13;24;40;437;385;48.9;184;274;82;70;0;13.08;42;4;0;48;10;1;33516;37218;5586;5316;0;0;63
170;15;45;54;432;582;48.2;261;350;83;62;0;11.53;59;13;1;57;13;0;28623;55248;5724;5524;0;0;87
171;14;36;39;483;450;49.3;227;292;73;58;0;9.86;44;8;1;45;2;1;24427;32348;3489;4621;0;0;59
172;12;33;31;436;320;56.6;176;198;70;55;0;11.17;40;3;0;43;10;0;34687;28315;5781;4719;0;0;63
174;11;21;31;269;424;47.2;228;242;55;51;0;11.09;37;3;0;46;3;1;46558;7636;5173;3818;0;0;60
175;11;33;33;366;345;52.1;170;187;62;46;0;9.82;59;7;0;34;3;1;25102;25180;5020;4196;0;0;62
176;26;67;90;770;928;53.6;419;514;107;122;0;8.54;97;15;4;98;21;2;27379;21525;2106;1655;0;0;46
177;29;76;81;886;947;49.4;423;567;148;142;0;9.62;114;19;0;110;22;0;54724;23147;3420;1780;0;0;68
178;27;58;90;752;999;46.5;487;469;131;151;0;7.70;71;14;0;99;14;1;14995;37603;1363;2350;0;0;55
179;27;83;71;798;789;51.5;419;540;166;167;0;6.85;104;18;1;86;15;0;30276;24086;2018;2007;0;0;50
180;27;91;75;879;823;48.6;384;532;166;142;0;8.67;97;14;2;91;16;3;22554;67334;1611;5179;0;0;44
181;26;90;86;982;795;53.6;359;526;153;159;0;7.58;110;29;1;94;14;1;91427;55479;6095;5043;1;0;92
182;26;80;71;948;728;53.5;344;461;157;164;0;11.85;104;21;3;96;22;1;61375;77211;4721;5939;0;1;73
183;27;81;74;934;751;53.0;381;531;124;183;0;8.81;123;24;3;108;21;1;33922;32013;2423;2462;0;0;62
184;27;65;74;863;812;45.1;402;570;147;131;0;9.07;90;13;1;100;15;2;42893;77554;3063;5965;0;0;61
185;27;71;78;816;923;46.6;431;533;156;190;0;7.93;89;17;2;97;21;1;113128;73008;8702;5214;0;0;50
186;26;83;76;811;790;50.2;412;418;140;155;0;8.38;94;22;1;93;12;1;21105;60135;1758;4295;0;0;48
187;26;79;67;866;707;47.4;345;526;128;156;0;6.46;89;13;2;75;9;3;14222;24534;1292;1635;0;0;42
188;26;64;107;662;1114;44.5;534;552;126;150;0;7.81;86;17;2;92;17;2;13528;30287;1352;1892;0;0;45
189;27;66;77;721;915;53.1;443;449;122;134;0;10.22;105;18;1;104;13;1;13805;21197;920;1766;0;0;35
190;26;89;96;786;1023;49.0;492;480;96;147;0;9.50;104;22;2;104;20;2;36620;14747;2288;1474;0;0;54
191;25;97;63;1005;639;49.8;317;474;128;141;0;8.00;88;23;1;88;17;2;26032;24216;2169;1862;0;0;48
192;26;91;61;1030;700;54.0;326;484;151;144;0;10.54;109;24;1;113;17;4;20854;21718;1737;1551;0;0;61
193;26;75;77;944;773;51.4;363;478;135;133;0;9.38;104;11;1;93;23;3;15882;18265;1221;1405;0;0;58
194;28;66;112;739;1170;51.5;537;427;117;126;0;9.50;115;15;4;123;29;1;16311;22256;1165;1589;0;0;34
195;26;109;49;1122;593;52.1;279;529;134;129;0;7.85;99;29;2;87;12;4;44337;20696;3410;1592;0;0;71
196;27;67;78;788;983;48.6;514;445;148;148;0;9.67;97;17;1;108;25;0;17834;25932;1486;1728;0;0;46
197;26;78;92;780;876;47.3;426;526;138;141;0;12.58;98;16;3;105;20;0;16819;18225;1051;1822;0;0;47
198;27;86;88;899;849;50.9;454;531;117;107;0;8.52;101;16;4;103;18;2;27300;21471;1950;1651;0;0;56
199;28;58;110;707;1132;49.3;496;500;148;173;0;10.07;109;19;2;114;27;2;59721;58250;4593;3883;0;0;58
200;25;69;71;795;758;50.1;402;413;170;163;0;9.24;97;19;0;94;17;0;49532;38435;4127;2956;0;0;67
201;25;73;69;817;824;49.9;387;402;136;134;0;7.16;79;17;0;84;12;0;40257;46082;3096;3840;0;0;60
202;26;59;70;652;918;45.5;436;505;159;160;0;10.85;94;12;4;104;16;2;82307;48662;7482;3244;1;0;89
203;28;74;74;838;953;51.5;441;514;120;176;0;8.50;90;15;0;99;16;2;66242;43574;4731;3112;0;0;73
204;26;63;86;791;811;51.7;411;408;181;179;0;8.00;79;16;0;92;17;1;12808;50144;1164;3342;0;0;39
205;29;88;68;960;760;50.7;412;625;165;196;0;7.38;111;13;0;97;16;1;69156;43622;4322;3355;0;0;66
206;26;71;79;757;853;48.6;363;476;178;157;0;7.38;73;14;3;78;15;1;31916;40709;2279;3392;0;0;49
207;26;70;83;785;865;47.1;416;499;142;163;0;8.50;81;11;1;87;14;1;28933;29156;1808;2915;0;0;60
208;27;128;67;1162;721;48.3;336;591;136;150;0;7.70;107;31;3;84;18;2;39394;39587;2626;3298;0;0;65
209;26;74;72;733;881;45.9;445;416;132;112;0;8.69;85;13;2;96;18;4;42839;15228;3059;1269;0;0;46
210;26;72;71;897;760;50.1;369;517;127;136;0;9.77;103;20;2;105;16;2;43923;29348;3378;2257;0;0;72
211;26;62;83;703;964;49.8;522;525;106;162;0;9.85;105;17;1;104;19;1;48870;63890;3490;5324;0;0;45
212;27;75;70;995;790;53.1;340;482;165;137;0;9.93;100;20;1;120;19;1;47465;64170;4315;4010;0;0;72
213;26;54;107;627;1072;49.1;538;503;106;164;0;11.42;93;15;2;115;30;1;24218;27458;1614;2496;0;0;39
214;28;81;95;725;1054;49.3;491;533;150;162;0;10.32;111;24;2;119;24;2;65379;95187;5448;5949;0;0;56
215;27;74;93;791;1052;48.7;455;477;161;121;0;8.67;102;15;1;101;13;3;54350;69886;4180;4991;0;0;63
216;28;78;84;709;1011;42.4;536;514;140;150;0;11.18;116;20;0;129;25;4;46566;31590;3880;1974;0;0;73
217;26;67;78;756;821;49.4;432;522;126;137;0;9.04;89;10;3;93;13;2;148512;34168;9900;3106;0;0;58
218;25;80;63;902;729;49.6;354;490;151;135;0;9.08;84;13;0;95;17;0;85060;57485;7732;4106;0;0;66
219;26;77;71;874;742;50.4;382;504;184;133;0;7.31;100;14;3;74;14;1;55002;65850;3666;5986;0;0;64
220;26;86;72;846;891;51.4;435;489;94;131;0;9.65;105;15;1;108;20;2;127439;81784;12743;5111;0;0;83
221;29;70;68;969;823;49.9;437;594;158;132;0;9.07;100;19;3;106;16;2;18746;11572;1339;771;0;0;54
222;27;69;83;837;841;53.1;384;508;120;128;0;6.81;98;17;2;86;20;1;31441;10446;2620;696;0;0;38
223;26;54;88;653;1058;48.1;549;536;139;108;0;10.54;99;14;5;112;23;1;13787;9065;984;755;0;0;37
224;27;77;56;988;666;47.5;314;507;125;148;0;7.74;78;13;3;87;13;1;13387;15892;1029;1135;0;0;54
225;26;77;69;691;940;49.2;464;496;110;92;0;10.31;89;20;1;110;16;3;6991;12252;499;1021;0;0;28
226;26;87;63;963;632;57.3;340;494;148;166;0;6.69;100;18;3;87;16;4;15847;57892;1440;3859;0;1;75
227;30;54;96;788;1205;49.0;592;561;117;154;0;8.57;97;5;1;116;24;1;7798;11804;487;843;0;0;35
228;27;58;88;691;1025;48.8;507;405;119;125;0;12.48;95;12;2;108;18;4;5277;13684;479;855;0;0;32
229;25;57;93;610;964;51.0;474;449;91;113;0;9.04;86;10;0;97;20;2;5553;10523;427;876;0;0;31
230;27;80;55;1000;691;44.2;347;531;107;116;0;8.74;106;21;1;101;14;4;12265;12106;876;931;0;0;75
231;26;114;51;1208;561;53.1;279;502;142;134;0;8.27;130;31;0;99;17;0;20665;8464;1589;651;0;0;78
232;28;62;95;746;1042;50.0;504;508;122;141;0;7.86;111;13;3;89;17;1;4352;15069;334;1004;0;0;33
410;16;25;63;403;549;53.5;257;308;83;86;0;8.88;56;6;3;60;13;0;15758;9826;2251;1091;0;0;61
411;16;53;44;574;440;50.3;199;326;103;97;0;17.31;82;12;0;85;11;1;6906;10902;863;1362;0;0;72
412;16;61;46;543;438;46.6;204;347;93;65;0;12.19;74;13;2;62;13;2;11440;9626;1430;1203;0;0;57
413;16;59;46;480;490;51.3;244;271;77;75;0;12.94;67;13;1;75;11;3;13867;7977;1540;1139;0;0;67
414;16;45;61;463;572;49.0;285;352;57;92;0;12.25;67;13;2;67;14;2;6183;11111;772;1388;0;0;59
415;16;57;49;528;525;48.7;246;276;83;77;0;14.81;66;8;1;63;9;1;8312;8512;923;1216;0;0;62
417;16;56;47;502;479;50.8;256;297;82;84;0;11.50;66;13;1;66;6;1;6063;10575;866;1175;0;0;54
418;16;46;48;501;482;51.7;239;302;88;66;0;9.00;51;7;1;54;12;2;20070;15450;2007;2575;0;0;74
419;16;49;43;527;470;49.8;211;275;86;62;0;14.25;63;14;1;56;7;3;17770;22733;2221;2841;0;0;74
420;16;38;56;455;516;50.2;243;252;63;76;0;9.63;54;5;4;56;6;1;7611;18963;951;2370;0;0;68
421;16;44;36;576;424;52.2;214;321;67;93;0;12.44;70;12;0;74;9;1;12187;18499;1354;2642;0;0;68
422;16;57;29;600;423;51.4;178;294;95;75;0;9.50;70;10;2;54;6;0;29834;26935;4262;2992;0;0;57
423;16;33;44;447;529;48.1;231;318;75;82;0;17.06;65;7;0;71;10;4;40741;21179;4526;3025;0;0;45
425;17;60;39;623;422;48.5;231;301;94;73;0;15.06;81;14;0;62;9;1;6241;8844;624;1263;0;0;66
426;15;48;30;468;435;50.4;203;253;97;74;0;10.53;50;8;1;57;7;1;18361;10140;2295;1448;0;0;66
427;16;49;44;549;436;53.0;212;289;77;65;0;14.69;55;11;2;65;10;0;2971;9692;424;1076;0;0;50
428;16;38;40;470;490;46.4;237;318;86;87;0;12.63;52;9;1;59;10;0;17628;8831;1762;1471;0;0;42
429;14;48;42;419;482;48.7;250;320;61;74;0;15.79;61;14;0;54;12;1;2111;8099;351;1012;0;0;70
430;16;46;56;417;552;51.8;249;291;71;88;0;15.38;61;8;1;65;12;3;5041;9480;560;1354;0;0;56
431;14;44;40;415;458;51.1;216;275;63;86;0;11.57;48;11;0;57;13;2;8787;11314;1464;1414;0;0;36
432;16;26;45;469;542;52.6;216;311;88;76;0;11.75;73;5;0;64;11;0;10348;10002;1149;1428;0;0;41
433;15;34;49;455;503;47.0;241;278;74;81;0;12.87;59;7;5;49;15;1;7949;9161;1324;1017;0;0;40
434;14;61;35;544;339;53.4;185;295;87;81;0;11.57;65;11;1;44;3;2;7783;7879;1111;1125;0;0;74
435;16;28;66;385;589;48.4;274;356;74;84;0;14.63;48;3;1;70;11;0;9568;11934;1594;1193;0;0;44
436;16;51;46;535;480;45.8;247;316;107;79;0;9.19;53;9;0;40;9;1;25129;7453;2792;1064;0;0;60
437;15;50;47;464;454;56.7;204;319;73;106;0;16.80;64;12;0;67;12;1;3639;16084;519;2010;0;0;52
438;15;32;40;447;444;48.5;189;304;91;90;0;10.73;44;6;1;36;6;1;5262;9045;877;1005;0;0;52
439;16;59;38;661;393;52.0;212;295;93;86;0;15.44;61;13;1;64;4;2;28712;8953;3190;1279;0;0;69
440;14;51;35;460;438;48.6;215;276;62;54;0;13.86;55;13;2;51;7;1;5119;8259;731;1179;0;0;52
441;15;43;49;373;530;50.4;260;279;86;67;0;14.60;65;6;0;64;8;0;5169;12901;646;1843;0;0;46
442;15;39;63;407;568;50.2;274;289;65;77;0;13.73;44;10;0;63;16;0;13070;11723;1867;1465;0;0;55
443;15;42;45;452;458;46.2;219;285;93;60;0;13.53;45;12;1;53;6;1;2913;6007;364;858;0;0;46
444;14;26;33;403;493;43.6;218;333;81;83;0;13.86;60;7;1;57;7;1;42026;9328;6003;1332;0;0;60
449;16;44;49;508;538;50.7;225;310;90;94;0;10.38;48;5;2;53;7;1;6742;26159;963;2906;0;0;57
452;10;38;50;283;359;52.0;167;231;56;45;0;16.90;34;10;4;38;10;0;2093;1056;418;211;0;0;28
455;7;29;31;207;226;53.0;112;126;24;26;0;14.14;31;10;0;29;7;0;3219;1084;804;361;0;0;54
456;9;38;31;302;249;47.8;117;167;43;27;0;19.44;41;8;2;39;7;0;2818;2145;563;536;0;0;38
457;8;33;29;219;245;47.2;123;126;36;26;0;10.00;27;7;1;25;5;5;651;3358;325;559;0;0;33
458;9;39;34;260;290;48.7;129;187;35;42;0;16.22;31;7;2;46;12;1;1083;1420;180;473;0;0;30
459;9;37;26;279;296;54.1;139;182;33;48;0;10.89;37;13;1;33;4;3;5933;1464;988;488;0;0;49
460;10;42;46;369;266;47.4;128;151;45;45;0;9.70;37;9;0;37;16;1;1059;2688;211;537;0;0;42
472;22;67;72;732;623;50.1;330;375;139;110;0;11.73;102;15;1;77;14;2;23544;29916;2354;2493;0;0;74
473;22;59;65;614;754;48.3;371;399;97;114;0;9.14;76;15;0;68;19;1;37047;27656;3367;2514;0;0;69
474;21;47;77;458;816;43.5;378;336;109;93;0;8.29;62;10;2;68;11;2;21171;26769;2117;2433;0;0;51
476;23;80;54;918;479;55.0;274;493;123;136;0;13.17;86;24;1;84;8;3;47731;28439;3977;2585;0;0;80
480;23;64;60;630;703;48.5;364;474;140;105;0;11.87;81;21;0;82;16;0;18247;28910;1520;2628;0;0;43
481;21;61;58;599;677;51.2;370;361;127;118;0;14.00;73;15;1;79;17;2;57515;21100;4792;2344;0;0;68
482;22;45;65;554;802;51.8;403;354;113;109;0;11.82;74;11;1;88;20;0;26033;28101;2603;2341;0;0;58
490;23;75;59;842;586;43.9;284;477;118;128;0;12.87;76;22;0;86;11;1;29661;28759;2696;2396;0;0;37
495;28;81;53;969;648;49.8;315;555;180;156;0;9.82;103;11;1;85;10;3;15748;21764;1312;1360;0;0;48
496;28;55;64;829;913;47.6;421;568;162;205;0;9.00;113;15;1;78;12;2;10863;17292;835;1152;0;0;42
497;28;75;59;914;764;53.4;373;514;165;184;0;10.57;95;15;0;93;9;2;6234;15411;389;1284;0;0;39
498;28;59;85;775;907;54.1;470;517;161;151;0;10.96;90;13;3;124;21;1;5463;16296;390;1164;0;0;33
499;28;89;45;1031;661;50.4;321;505;174;168;0;7.46;101;17;2;79;9;2;18332;9847;1145;820;0;0;38
500;28;54;43;951;669;46.3;369;564;210;207;0;9.04;95;6;1;80;7;2;9662;16460;805;1028;0;0;40
502;28;61;52;865;815;45.5;400;537;172;179;0;9.36;75;11;0;80;7;1;14390;9625;959;740;0;0;39
503;28;46;72;595;1040;47.3;526;504;154;158;0;8.54;81;12;2;91;7;3;7403;17909;462;1492;0;0;26
504;28;38;78;656;986;47.9;471;531;172;139;0;10.07;86;7;1;103;15;0;12285;18777;1023;1173;0;0;54
505;28;62;87;786;896;56.1;464;510;150;189;0;9.25;81;17;4;104;22;1;57231;12562;3576;1046;0;0;41
511;22;61;55;723;600;52.6;351;427;128;143;0;11.59;114;17;3;109;16;1;185962;28395;16905;2581;3;0;97
512;22;57;49;703;655;53.0;341;454;124;135;0;10.50;96;16;1;96;13;1;41084;45277;3734;4116;0;1;72
513;22;51;54;645;571;48.7;295;418;139;139;0;12.32;111;15;3;108;12;2;23322;43431;2120;3948;0;0;59
514;22;70;44;830;544;50.3;256;460;122;133;0;9.73;95;20;2;83;10;5;43547;44497;3958;4045;0;0;71
515;22;70;37;817;495;48.3;272;444;118;107;0;12.18;101;13;2;94;9;4;56757;41493;5159;3772;0;1;71
516;22;43;64;665;664;50.3;336;414;137;132;0;14.41;95;11;1;113;18;1;69778;38843;6343;3531;0;0;65
517;22;61;67;625;645;47.7;328;413;120;106;0;10.05;91;14;2;99;20;2;29358;42441;2668;3858;0;0;59
518;22;75;54;746;652;55.4;322;419;127;143;0;9.73;103;21;2;92;16;2;31551;46885;2868;4262;0;0;57
519;22;52;63;541;768;48.3;373;380;140;135;0;14.27;107;16;0;117;19;5;15899;41742;1445;3794;0;0;40
520;22;52;48;708;631;53.0;330;412;132;111;0;11.36;105;17;2;90;10;0;32512;42778;2955;3888;0;1;65
521;22;55;45;623;557;51.0;279;399;117;108;0;10.36;111;16;2;91;15;0;9022;43091;820;3917;0;0;52
522;24;43;77;508;873;50.7;432;435;160;156;0;12.75;90;12;2;113;19;2;4066;14085;338;1173;0;0;30
523;24;81;35;1084;467;50.1;240;479;152;154;0;9.88;120;22;2;93;10;0;13924;11843;1160;986;0;0;56
524;24;46;70;563;784;48.9;403;394;124;169;0;10.29;95;9;2;106;15;0;38992;10809;3249;900;0;0;55
543;22;77;55;686;613;51.5;313;362;130;108;0;10.68;65;12;0;65;13;2;17934;5640;1793;470;0;0;52
545;23;66;63;742;608;48.9;303;454;135;104;0;8.48;83;13;0;73;13;1;5007;7835;417;712;0;0;54
546;21;44;61;592;617;51.7;285;353;101;135;0;12.67;67;8;1;72;11;1;3511;6093;319;609;0;0;43
547;23;52;80;600;803;49.4;369;583;134;109;0;9.65;82;15;1;73;16;2;1056;7373;96;614;0;0;38
548;23;53;53;645;669;49.4;329;401;112;125;0;11.04;76;11;2;74;9;0;3045;6953;253;632;0;0;46
549;22;56;60;651;604;49.6;342;390;138;115;0;12.59;80;15;4;83;18;1;4742;5631;395;563;0;0;39
550;23;69;53;631;704;49.9;351;457;124;134;0;13.57;77;13;1;87;12;1;8319;6941;756;578;0;0;38
551;22;65;64;639;681;49.3;305;415;141;104;0;11.05;81;16;0;80;15;2;12863;5214;1169;474;0;0;58
552;13;54;22;529;320;55.4;146;287;65;54;0;12.38;60;13;2;54;4;0;57776;10309;8253;1718;0;0;83
553;16;61;52;521;509;45.8;288;304;75;57;0;11.50;57;12;0;59;12;1;25344;28165;3168;3520;0;0;79
554;13;42;37;498;399;51.1;193;244;57;46;0;11.15;45;4;0;53;10;1;17395;11607;2485;1934;0;0;80
555;14;20;60;314;650;48.4;287;291;61;71;0;12.21;53;6;1;71;11;0;3252;22728;650;2525;0;0;30
556;14;46;40;487;419;48.5;190;273;63;46;0;8.93;48;9;1;37;6;0;10948;26793;1368;4465;0;0;60
558;13;42;33;515;429;56.5;190;253;67;51;0;10.92;41;5;1;54;7;2;12209;21216;2034;3030;0;0;58
560;13;29;38;389;423;47.6;226;248;66;48;0;15.08;61;10;0;57;11;1;31621;27944;4517;4657;0;0;60
561;14;39;45;444;420;47.9;200;265;73;60;0;9.29;71;10;0;52;10;0;39832;24469;9958;2446;0;0;73
562;25;56;87;687;888;51.9;473;424;119;140;0;10.88;99;15;2;105;20;4;18434;33741;1675;2410;0;0;44
563;20;82;73;795;575;54.6;265;341;99;99;0;14.60;122;32;4;111;29;3;25395;10043;2821;913;0;1;41
564;24;81;48;932;571;53.5;253;470;112;133;0;8.92;105;21;0;83;7;4;61393;35135;6139;2509;0;0;79
565;24;39;87;559;851;46.5;415;453;102;101;0;10.75;97;8;3;110;22;0;17870;24109;1374;2191;0;0;38
566;23;54;62;692;701;49.0;355;440;125;104;0;9.00;84;7;2;90;14;2;44522;30586;4047;2548;0;0;32
567;18;66;54;574;510;46.9;302;369;101;89;0;16.00;115;21;0;111;28;0;10794;4794;1199;532;2;0;98
568;22;67;39;734;598;51.2;291;433;110;114;0;10.36;94;13;0;101;11;0;20052;33014;1822;3001;0;0;55
569;25;75;46;918;609;51.5;326;483;146;161;0;6.84;104;13;1;69;8;1;17317;37898;1443;2915;0;0;40
570;23;64;48;764;739;53.1;344;419;117;112;0;9.39;79;15;1;99;12;2;40251;25301;3354;2300;0;0;77
571;23;55;56;677;654;50.8;275;473;133;118;0;10.13;104;10;3;92;14;3;20248;27732;1687;2521;0;0;56
572;22;38;64;473;838;46.7;423;400;125;116;0;10.27;79;7;2;85;10;0;10418;30401;801;3377;0;0;29
573;24;71;50;824;631;53.1;298;462;123;121;0;10.79;103;17;0;98;10;0;112855;28061;9404;2338;0;0;74
574;24;62;47;836;572;51.2;261;457;123;100;0;9.38;107;21;1;84;9;3;50925;32786;3917;2980;0;0;46
575;24;57;68;619;802;53.3;386;409;134;103;0;10.33;101;16;2;95;17;2;20500;37786;1708;3148;0;0;47
576;24;60;71;649;751;48.5;373;493;136;138;0;9.96;93;13;3;106;17;1;16319;45638;1483;3510;0;0;49
577;23;70;48;767;592;47.4;277;533;106;108;0;11.48;89;17;1;102;12;3;15570;28119;1415;2343;0;0;54
578;24;48;76;553;887;42.0;455;523;141;139;0;10.54;76;7;3;95;14;1;13288;29655;1022;2695;0;0;32
579;14;59;54;438;485;52.4;227;225;63;56;0;15.57;90;20;3;87;20;2;1872;1526;267;218;0;0;30
580;18;61;48;593;513;54.7;257;299;80;89;0;13.22;99;14;4;100;16;3;7821;10042;869;1115;0;0;35
582;19;77;64;613;524;50.0;268;428;99;101;0;13.26;117;26;0;108;14;1;7303;8258;912;750;0;0;46
583;18;60;61;601;523;47.1;239;322;93;71;0;14.94;101;18;3;93;21;0;2971;10714;330;1190;0;0;41
584;19;59;64;581;641;52.6;310;376;102;95;0;12.68;106;22;0;113;18;1;13563;12607;1507;1260;0;0;52
585;18;56;60;489;572;49.8;298;330;90;78;0;13.78;93;22;2;93;15;2;1327;10493;165;1049;0;0;21
586;20;87;51;816;506;51.3;244;373;107;112;0;13.75;108;25;1;113;20;5;6324;6549;527;818;0;1;35
611;19;67;47;662;587;48.0;296;369;94;89;0;11.42;72;12;0;73;9;1;14741;14193;1637;1419;0;0;48
612;20;55;57;658;546;44.0;277;431;102;97;0;9.15;88;16;0;71;13;3;18614;13684;1861;1368;0;0;53
614;20;48;85;539;793;43.5;390;329;87;79;0;13.25;77;14;2;84;15;0;5761;14642;576;1464;0;0;38
617;20;66;60;664;651;54.4;289;325;81;66;0;11.55;76;15;0;80;16;3;5684;15977;568;1597;0;0;41
619;20;67;49;636;503;50.5;262;337;132;89;0;8.70;83;15;1;62;12;2;33826;14416;3382;1441;0;0;80
620;20;80;66;782;576;53.1;294;384;93;87;0;9.30;70;17;2;67;12;1;3872;13679;387;1367;0;0;30
622;19;92;46;793;509;52.4;243;343;84;85;0;10.47;79;21;1;80;13;1;22741;11998;2274;1333;0;0;83
625;22;89;43;1027;499;51.6;288;393;122;78;0;14.86;100;22;3;98;11;2;152180;32215;13834;2928;3;0;97
626;22;79;61;717;771;50.9;378;442;96;109;0;14.73;114;20;2;110;18;1;11411;33749;950;3374;0;0;54
627;22;114;68;913;639;54.1;273;439;104;96;0;9.77;93;24;1;93;18;2;84128;41633;7648;3784;0;1;77
628;22;88;56;801;571;49.1;334;461;118;100;0;13.82;94;24;3;99;12;4;17457;40017;1587;3637;0;0;53
631;21;69;61;735;634;54.6;319;404;100;109;0;12.57;108;23;2;104;22;2;11147;37023;1013;3702;0;1;74
632;22;54;92;568;933;48.1;450;369;113;110;0;8.32;82;13;0;92;27;1;116781;17296;10616;1572;0;0;60
633;21;58;84;571;829;49.2;422;363;104;92;0;8.00;68;12;3;70;17;3;59073;9457;5370;945;0;1;52
636;22;74;52;855;629;48.8;285;383;106;85;0;11.32;112;24;2;85;15;4;31299;28290;2845;2571;0;0;53
637;22;61;80;633;765;51.3;388;469;121;120;0;16.00;100;16;0;101;20;2;33727;30728;3066;2793;0;0;73
638;21;50;91;564;789;45.6;360;375;101;97;0;11.33;67;9;0;75;21;1;1689;14262;168;1296;0;2;42
639;21;82;59;777;589;50.1;292;385;88;76;0;12.81;99;15;2;97;19;4;6301;48382;630;4398;0;0;43
641;22;52;106;522;963;45.8;463;419;99;98;0;13.68;83;14;3;118;25;1;3361;30961;305;2814;0;0;31
642;22;45;98;475;895;47.8;444;365;109;85;0;12.00;102;13;3;108;21;0;16165;32792;1469;2981;0;0;56
644;22;62;68;681;747;47.7;378;445;98;95;0;11.27;103;19;2;103;21;3;8163;25013;680;2501;0;0;51
646;21;68;62;677;628;50.4;299;389;108;88;0;9.57;59;15;3;70;11;0;12964;13862;1296;1260;0;1;42
648;21;65;71;654;578;48.8;281;359;105;92;0;8.90;66;11;2;63;16;1;4945;13573;494;1233;0;1;41
649;21;74;69;703;607;48.8;335;419;108;89;0;9.76;72;18;0;67;9;3;11193;11842;1017;1184;0;2;29
651;22;100;56;889;531;52.9;285;450;128;128;0;10.91;80;20;3;74;12;3;21326;9461;1938;860;0;3;43
675;22;77;73;740;585;56.2;291;432;116;137;0;12.50;86;15;3;97;24;2;17325;25977;1575;2361;0;0;45
676;22;46;54;609;686;49.6;330;407;108;125;0;11.05;77;13;3;79;14;0;41073;24907;3422;2490;0;0;48
682;22;68;35;747;461;52.4;240;409;110;118;0;15.41;84;12;2;90;9;2;8814;30177;801;2743;0;0;51
703;21;58;68;575;708;53.8;350;391;97;89;0;10.24;74;12;1;78;11;0;12557;7725;1141;772;0;2;46
706;20;48;88;453;751;50.9;387;374;83;73;0;8.75;66;11;2;72;13;2;8730;17498;873;1749;0;0;52
710;19;69;36;813;447;51.8;231;392;93;88;0;9.05;62;6;0;58;10;2;7403;18998;925;1727;0;0;60
711;20;78;29;875;406;55.1;193;397;89;76;0;10.70;81;13;0;72;7;2;35147;15946;3514;1594;0;0;80
712;19;58;59;533;689;48.1;320;363;90;81;0;8.21;53;9;1;73;9;2;8299;12047;754;1505;0;0;52
713;19;73;51;739;487;50.7;206;385;95;74;0;9.63;86;22;1;69;12;1;40866;11525;5108;1047;0;0;73
714;19;56;47;599;567;46.7;287;394;88;77;0;10.68;86;17;2;82;9;1;30930;13925;3093;1547;0;0;58
715;20;54;82;483;774;46.9;402;366;128;100;0;12.45;82;14;4;89;19;0;14181;8840;1418;884;0;0;47
716;20;59;72;566;638;47.5;305;340;113;119;0;13.80;77;11;2;81;21;3;11375;9035;1137;903;0;0;42
717;19;79;43;717;468;53.9;211;351;121;118;0;10.21;70;12;1;64;7;3;7274;10311;808;1031;0;0;51
718;19;49;74;461;688;50.9;328;378;102;116;0;8.16;64;11;2;63;11;2;21738;7796;2173;866;0;0;48
719;20;66;62;603;582;54.2;282;369;121;97;0;9.10;74;17;2;67;8;3;12105;9661;1210;966;0;0;35
720;19;66;42;700;438;46.3;200;368;129;78;0;11.16;70;11;0;67;12;1;7561;9406;840;940;0;0;33
721;20;50;65;596;633;50.5;322;333;115;106;0;11.20;79;15;1;78;13;5;4190;10113;419;1011;0;0;28
729;33;78;85;1059;1007;53.0;529;669;180;190;0;10.82;133;14;1;131;19;1;151868;95142;8933;5946;0;0;81
732;36;93;96;1133;1158;52.3;593;717;190;180;0;9.53;156;20;2;155;19;2;226300;114304;11910;6723;2;0;95
733;35;76;92;997;1235;50.9;641;684;222;150;0;10.46;138;14;1;140;25;4;118307;112191;7394;5904;0;0;61
734;37;102;96;1220;1243;50.9;657;711;188;153;0;11.03;171;27;2;162;32;1;174968;102046;9208;5669;0;0;76
736;35;84;102;1040;1195;48.9;571;614;192;143;0;10.20;141;20;2;144;23;0;44717;109958;2353;6872;0;0;36
737;35;91;90;1129;1078;47.2;491;770;203;214;0;10.34;156;20;1;152;20;3;142671;133223;10190;6343;0;0;68
738;35;69;91;1092;1182;48.5;583;748;161;164;0;11.26;140;17;1;148;29;0;91298;127405;6086;6370;0;0;67
739;34;107;63;1336;905;51.8;437;661;183;159;0;9.76;147;32;0;135;15;2;79633;81885;4191;5459;0;0;69
740;35;89;83;1015;1175;46.1;628;754;210;205;0;11.29;162;22;6;161;21;4;44311;121866;2461;7168;0;0;44
741;36;95;79;1159;1092;52.6;534;763;168;178;0;10.58;161;16;1;144;21;3;59638;105362;3313;5853;0;0;59
742;36;89;88;1232;1089;48.4;611;741;179;167;0;10.67;155;25;3;158;25;2;133491;88545;6674;5534;0;0;72
743;36;113;70;1368;959;49.9;519;765;201;193;0;8.89;131;29;1;128;7;3;89602;116164;4977;6453;0;0;65
744;35;84;94;1075;1127;48.9;562;670;185;210;0;11.11;149;24;1;150;19;1;44477;101715;2616;5650;0;0;48
745;36;92;103;1170;1185;50.5;574;750;216;186;0;9.94;131;24;2;142;19;4;85741;101805;4512;5988;0;0;60
746;29;96;59;1027;673;55.3;296;573;193;159;0;10.66;122;26;0;98;10;1;49035;23038;2884;1919;0;0;52
747;35;100;77;1156;987;51.7;483;681;186;142;0;9.51;128;26;4;134;18;1;143558;92489;7975;5440;0;1;66
748;35;104;78;1209;1014;49.7;496;711;200;174;0;12.20;159;24;2;148;16;2;93123;75939;4901;4746;0;0;69
749;33;71;92;1028;1135;54.5;562;610;182;170;0;11.76;147;19;7;148;25;1;121896;85756;7618;5044;0;0;66
750;30;88;62;963;844;52.6;457;544;185;204;0;8.87;98;15;0;97;7;1;26994;30282;2249;1682;0;0;30
751;35;100;99;1140;1189;46.2;595;746;191;178;0;11.14;136;25;2;141;30;1;108806;102861;6044;6050;0;0;72
752;34;66;128;911;1296;52.2;648;634;176;207;0;8.32;139;19;3;130;31;2;85955;104979;5372;5832;0;0;51
754;30;64;85;866;935;51.3;429;572;162;174;0;9.47;99;13;2;102;17;4;34597;24481;2162;1748;0;0;43
755;30;66;89;816;976;50.9;463;657;193;183;0;9.00;78;12;2;101;16;1;38986;23420;2165;1951;0;0;39
758;30;75;92;834;966;48.1;489;548;183;161;0;9.93;93;15;1;94;13;1;8791;28240;549;2017;0;0;30
759;30;108;58;1269;586;53.3;267;603;181;181;0;8.47;101;25;0;85;8;4;47801;23181;2515;2107;0;0;76
760;30;69;75;748;853;46.7;411;573;188;168;0;7.33;90;9;2;86;11;1;17947;23090;1055;1776;0;0;34
762;30;66;78;880;858;50.6;454;583;164;161;0;11.53;91;6;3;114;14;1;27235;22934;1702;1638;0;0;44
764;35;117;92;1090;1054;51.1;552;717;173;181;0;10.46;136;25;3;148;19;4;80294;94119;4723;5228;0;0;72
766;29;81;98;777;1031;48.0;522;482;182;179;0;11.66;99;14;2;111;23;2;16766;28369;1289;1773;0;0;35
767;31;106;64;1082;803;54.5;419;599;169;184;0;9.74;115;21;1;94;12;2;40191;30685;2870;1805;0;0;41
768;30;118;56;1240;605;49.9;308;589;168;154;0;9.57;114;23;3;95;11;2;18654;30546;1165;2181;0;0;53
769;29;70;93;802;1017;49.3;500;569;144;186;0;8.41;103;10;0;92;19;0;13884;28385;1068;1774;0;0;36
772;29;72;77;847;834;50.8;392;544;184;174;0;9.66;110;13;3;97;12;3;12436;26213;888;1747;0;0;44
774;31;78;71;922;863;47.3;396;632;208;180;0;10.32;112;15;0;116;16;3;55410;23985;3694;1499;0;0;74
775;30;91;76;1002;742;52.3;373;528;184;188;0;7.90;114;15;4;105;13;1;10044;32654;772;1920;0;0;31
776;21;73;58;648;674;51.0;316;429;93;101;0;11.19;88;20;2;73;12;1;6364;22576;530;2508;0;0;46
777;21;70;46;776;465;50.4;233;473;113;94;0;10.19;76;15;0;92;15;2;57929;20631;4827;2292;0;0;58
778;21;58;62;663;585;49.8;288;386;101;95;0;8.90;84;13;1;76;11;0;101097;13440;7776;1680;0;0;77
780;21;59;86;621;771;46.1;326;482;108;92;0;11.14;79;10;3;73;12;3;12741;22095;1061;2455;0;0;36
783;21;79;48;752;561;50.6;319;394;95;94;0;10.24;85;17;0;77;10;3;16230;26308;1623;2391;0;0;41
784;21;77;68;629;700;49.9;313;443;90;115;0;10.38;80;16;3;77;13;0;13733;21087;1056;2635;0;0;37
794;21;54;78;546;850;48.3;346;397;106;79;0;12.24;63;11;2;90;24;1;12006;23850;1091;2385;0;0;42
796;21;79;69;711;661;51.2;318;376;100;89;0;8.86;79;24;1;61;11;2;0;53167;0;2531;0;0;0
798;21;49;73;560;746;50.7;339;373;107;108;0;10.52;65;5;0;75;19;1;18822;22974;1711;2297;0;0;45
828;25;74;52;867;743;51.6;351;462;120;107;0;8.44;91;14;0;74;13;2;49923;45656;4160;3512;0;1;64
829;26;63;63;742;761;55.5;432;443;135;122;0;6.88;85;8;0;82;15;2;31116;46717;2393;3593;0;0;57
830;27;56;98;740;1041;47.5;498;514;124;103;0;8.44;89;11;2;106;15;1;48893;50642;3761;3617;0;0;74
831;23;80;68;712;781;47.0;368;447;119;87;0;8.83;85;17;2;88;14;1;23800;46329;1983;4211;0;1;57
832;25;61;75;756;816;46.7;372;459;163;114;0;8.52;73;8;3;82;12;1;31005;47698;2583;3669;0;0;59
833;24;100;64;1030;577;53.5;290;495;156;122;0;8.58;88;15;3;84;12;2;58751;39676;4519;3606;0;1;72
834;25;72;62;932;696;50.7;357;451;114;110;0;9.20;88;13;3;91;10;4;51663;47602;4305;3661;0;0;78
835;24;74;44;833;581;51.4;299;456;140;118;0;10.63;82;18;0;81;10;2;44308;15057;3692;1254;0;0;73
836;25;73;74;820;805;47.1;365;513;157;119;0;8.44;88;14;1;81;14;1;32089;43691;2468;3640;0;0;40
837;24;97;47;926;595;49.6;295;426;137;112;0;11.00;90;17;0;98;10;3;89005;46207;6846;4200;3;0;98
838;25;52;104;579;1054;47.9;533;450;115;137;0;8.08;77;8;2;83;13;1;19532;41826;1502;3485;0;0;54
839;25;70;81;807;828;51.5;383;509;131;132;0;8.60;79;18;1;78;12;2;97299;41640;7484;3470;0;0;68
841;24;77;69;802;717;50.1;365;481;112;100;0;8.42;83;9;2;91;17;1;36023;13018;3001;1084;0;0;69
842;25;63;67;656;951;48.3;412;394;117;100;0;8.32;68;9;1;78;11;0;12992;47827;1082;3679;0;0;57
843;24;71;66;684;724;52.2;349;471;104;136;0;9.71;83;17;3;85;10;2;7319;16246;563;1476;0;0;31
844;24;73;85;758;721;49.6;369;485;93;109;0;6.75;78;10;4;73;18;1;8885;16257;740;1354;0;0;55
845;22;66;60;732;671;49.7;318;400;92;93;0;9.64;79;9;1;86;14;1;6125;19075;612;1589;0;0;55
846;24;75;89;768;748;49.4;382;565;128;142;0;8.83;70;11;3;89;21;2;10666;17314;888;1442;0;0;58
847;24;51;78;676;934;51.0;407;447;118;122;0;8.00;85;11;2;79;8;0;14979;48688;1361;3745;0;0;50
848;25;83;62;938;599;52.0;288;503;136;145;0;8.68;101;10;0;83;13;1;77411;44259;6450;3404;0;0;67
872;22;83;56;745;615;53.7;320;436;120;125;0;11.82;112;26;0;100;19;5;68649;36103;5720;3610;0;0;71
873;20;53;55;662;576;47.8;310;384;110;99;0;10.75;105;16;3;95;15;1;50344;27537;4576;3059;0;0;57
874;19;61;38;743;431;50.3;196;369;116;119;0;4.84;55;14;0;42;9;3;54165;33411;6018;3341;0;1;76
875;20;68;59;673;569;52.0;290;409;114;103;0;10.60;87;18;1;70;13;2;37535;34029;3753;3402;0;0;62
876;20;50;37;693;546;52.0;264;430;117;89;0;11.30;88;13;3;85;8;1;23352;33801;2335;3380;0;0;54
877;20;60;56;684;575;50.8;301;432;113;99;0;9.20;80;21;0;79;14;2;41487;32093;4148;3209;0;0;61
878;20;49;53;511;741;47.7;358;430;117;114;0;11.10;77;13;2;89;18;0;19952;34710;1995;3471;0;0;44
879;20;78;35;849;433;54.2;214;387;123;122;0;6.75;62;14;0;62;11;1;115632;17216;11563;1721;2;0;96
880;18;51;66;482;636;51.2;286;360;116;124;0;8.50;58;12;1;55;11;1;29360;34626;3262;3847;0;0;59
881;21;52;74;643;732;47.2;356;414;95;133;0;13.10;103;15;0;109;26;2;32996;35034;2999;3503;0;0;73
882;20;54;58;625;582;48.3;281;376;126;118;0;9.95;86;13;5;85;16;3;40545;35077;4505;3188;0;0;68
883;20;61;51;591;606;52.9;275;420;124;106;0;10.70;74;15;2;85;8;0;25911;36409;2591;3640;0;0;56
885;19;52;43;590;569;48.7;295;366;137;94;0;7.63;60;10;0;56;8;0;15798;38142;1755;3814;0;0;59
886;20;70;44;652;616;49.2;284;442;130;127;0;8.00;81;20;2;76;10;3;39539;35328;3953;3532;0;0;72
887;20;51;58;602;709;49.0;338;423;120;105;0;12.50;80;18;1;93;18;5;11893;33908;1189;3390;0;0;76
890;20;46;71;540;663;50.1;311;395;98;114;0;8.80;61;11;2;63;19;1;5652;30657;513;3406;0;0;44
891;20;58;58;675;603;50.5;291;331;144;108;0;6.60;61;13;1;52;5;0;18653;37803;2072;3436;0;0;41
892;20;44;73;558;766;51.2;355;440;113;127;0;11.20;81;11;5;84;22;1;32694;33537;3632;3048;0;0;55
893;21;52;75;591;654;49.3;305;378;137;97;0;9.05;91;14;4;81;17;1;47307;33234;4730;3021;0;0;73
894;21;42;63;574;785;47.0;377;398;114;132;0;7.52;57;11;0;70;11;3;11537;36956;1153;3359;0;0;33
897;18;69;25;660;423;51.7;210;377;100;87;0;8.33;64;16;1;57;6;1;89836;22647;8983;2830;0;0;71
904;21;56;84;584;746;49.4;324;383;130;74;0;11.71;69;12;1;88;18;3;19952;19773;1662;2197;0;0;48
911;31;69;70;829;858;50.9;432;532;190;176;0;10.06;115;8;2;115;16;2;50894;21884;2993;1563;0;0;32
945;18;50;57;530;599;48.7;290;344;113;107;0;7.56;57;4;3;51;13;2;31107;16221;2827;2317;0;0;54
956;20;45;73;369;854;46.4;385;382;136;122;0;7.30;56;13;0;58;17;2;3445;21954;382;1995;0;0;53
957;21;70;36;891;425;52.5;208;439;150;124;0;7.14;73;19;1;71;11;1;3995;38307;363;3830;0;1;56
966;17;38;51;511;590;53.1;261;320;73;84;0;9.82;51;10;2;68;14;0;12950;24676;1618;2741;0;0;47
978;21;46;70;579;778;48.3;378;423;131;117;0;6.71;57;10;2;59;13;0;14321;37503;1301;3750;0;0;42
1086;7;21;28;204;211;47.1;101;110;34;35;0;13.43;27;3;1;23;5;1;91;2554;45;510;0;0;23
1093;29;68;86;729;914;48.5;437;568;171;135;0;9.86;91;14;2;107;16;2;15304;32175;1275;1892;0;0;43
1095;14;37;52;412;489;48.3;224;308;74;57;0;14.00;57;10;0;70;10;1;54253;20811;7750;2973;0;0;74
1096;15;49;51;417;529;47.8;268;363;80;97;0;14.47;72;21;1;87;15;3;58728;17236;5872;3447;0;0;61
1097;15;45;50;494;527;45.8;259;311;92;90;0;10.73;66;13;1;65;15;0;57058;46472;9509;5163;0;0;72
1340;26;98;82;858;838;49.3;431;522;173;119;0;11.85;127;22;3;117;18;3;20972;46045;1498;3837;0;0;40
1368;11;51;40;395;313;52.1;161;149;55;37;0;16.27;54;10;0;54;15;1;8899;26544;2966;3318;0;0;87
1371;26;79;76;836;813;50.5;412;538;139;176;0;8.27;88;17;1;83;19;2;15361;56779;960;5677;0;0;73
1415;20;50;48;636;579;48.5;309;411;142;116;0;8.30;70;8;1;84;16;3;5767;37171;576;3717;0;0;52
1422;20;78;66;576;601;46.6;285;358;104;123;0;11.75;64;19;1;55;8;0;3747;6286;340;698;0;0;34
1423;15;44;53;401;495;50.1;226;278;76;74;0;7.53;55;9;0;54;10;0;6483;17793;648;3558;0;0;29
1425;19;71;55;634;553;50.3;288;295;88;81;0;12.32;66;17;0;57;14;2;10615;5585;1061;620;0;0;48
1426;19;63;65;619;514;53.1;248;315;88;112;0;15.16;61;11;0;75;14;2;4587;6238;509;623;0;0;34
1427;18;56;54;546;579;53.4;263;280;80;99;0;16.61;59;7;1;67;8;3;4362;5954;484;661;0;0;32
1429;21;57;78;590;670;52.0;337;292;120;104;0;14.52;85;20;1;74;20;0;13100;5991;1455;499;0;0;52
1430;20;63;78;575;590;56.6;265;397;122;103;0;14.15;71;12;2;64;15;2;6879;5849;687;584;0;0;30
1440;18;49;83;452;757;46.1;377;247;79;94;0;12.61;56;14;0;63;19;1;5117;5902;568;655;0;0;47
1443;19;119;28;975;315;54.4;130;286;88;87;0;11.47;62;19;0;46;8;0;3116;7018;346;701;0;0;35
1453;19;59;74;473;651;42.6;351;311;102;100;0;15.32;71;14;5;71;16;0;2439;6137;243;681;0;0;38
1472;22;31;80;448;909;46.0;466;481;118;120;0;14.36;91;8;2;125;22;0;6191;26712;562;2428;0;0;33
1475;24;89;44;968;550;50.6;269;467;126;129;0;10.08;117;27;0;105;12;1;10029;14099;835;1174;0;0;48
1477;24;88;81;787;801;48.2;373;478;141;153;0;13.46;89;27;0;116;20;4;24507;12882;2042;1073;0;0;54
1481;24;64;57;648;734;52.0;359;431;134;125;0;9.88;101;17;0;91;11;1;3838;11019;319;918;0;0;38
1492;30;65;87;757;1095;48.2;566;576;210;197;0;8.60;88;16;1;100;22;4;29510;29884;2107;1867;0;0;42
1497;29;61;88;768;894;48.8;440;618;173;166;0;11.97;107;16;0;109;22;1;6287;27145;483;1696;0;0;32
1503;30;68;65;955;812;48.5;430;568;199;177;0;10.40;115;15;2;105;11;3;24699;26446;1543;1889;0;0;39
1505;27;106;48;1181;579;54.1;288;517;164;180;0;9.00;118;34;3;105;17;2;16622;28671;1278;2047;0;0;43
1527;14;37;24;434;383;49.8;192;240;71;68;0;12.00;54;6;0;55;4;0;38552;44342;6425;5542;0;0;65
1809;21;64;65;652;752;51.3;383;408;101;96;0;10.48;73;10;3;78;14;0;58;14675;5;1467;11;0;0
1813;22;77;59;739;642;54.5;338;415;142;113;0;10.09;98;24;2;80;12;3;6680;14173;607;1288;0;1;39
1814;22;73;82;738;784;52.1;351;435;96;97;0;11.50;96;19;3;94;18;0;19355;57427;1935;4785;0;0;72
1818;21;66;57;695;629;47.8;303;387;128;106;0;9.67;65;10;1;73;12;0;4886;8134;488;739;0;2;49
1825;21;56;75;524;751;44.9;357;358;111;87;0;9.86;60;6;2;61;9;0;4690;11052;426;1105;0;2;28
1835;22;74;60;707;640;49.8;305;415;107;110;0;9.55;80;13;0;77;14;2;1591;15209;144;1382;11;1;0
1836;22;66;82;728;751;48.3;348;480;86;117;0;11.00;111;26;1;95;22;2;1561;57510;156;4792;0;1;92
1838;22;73;71;720;641;52.2;297;447;143;77;0;7.18;71;9;0;58;11;2;22913;12716;2083;1156;0;2;68
1854;24;73;57;733;602;47.2;339;503;169;155;0;10.08;102;16;3;93;13;2;1992;10656;166;888;0;0;33
1869;24;70;69;689;698;53.5;371;405;126;144;0;12.33;103;15;1;119;18;3;7822;12611;651;1050;0;0;33
1871;24;75;58;898;595;52.9;304;459;132;115;0;10.17;97;18;3;91;15;2;11678;13714;973;1142;0;0;50
1872;22;46;71;548;759;46.8;350;407;110;136;0;9.95;94;10;0;90;18;1;9184;47433;918;3952;0;0;58
1876;22;49;42;525;697;48.3;395;421;134;129;0;10.77;87;18;1;94;12;0;6226;27375;518;2737;0;0;25
1877;24;58;72;610;799;53.2;401;440;122;170;0;10.33;96;11;1;100;22;3;631;13998;52;1166;0;0;53
1880;34;78;88;1001;1132;46.8;535;701;210;198;0;11.12;121;22;2;145;23;3;87424;134214;5828;7063;0;0;49
1918;17;49;65;446;688;49.2;314;286;86;71;0;15.94;96;18;2;102;16;3;3350;9667;372;1208;0;0;48
1922;19;58;75;639;674;45.3;358;406;90;75;0;15.95;111;24;1;113;27;3;3353;10233;335;1137;0;0;56
1923;14;45;63;385;437;48.8;248;288;79;65;0;15.36;79;14;2;85;18;0;1209;1292;151;215;0;0;30
1925;15;66;51;486;462;49.6;221;277;74;57;0;14.20;72;14;2;78;13;1;1655;1865;275;207;0;0;55
1927;13;56;42;478;362;50.6;184;284;54;41;0;14.31;84;19;1;86;16;2;1155;1129;144;225;0;0;29
1928;20;78;58;632;634;49.0;316;386;76;78;0;12.65;107;20;4;102;23;2;32202;5762;2927;640;0;0;49
1930;15;63;45;503;462;45.8;244;373;57;86;0;14.20;93;14;1;89;13;3;2017;1918;336;213;0;0;34
1934;13;43;57;344;496;49.0;251;229;64;64;0;14.85;75;12;1;79;15;1;1963;1150;280;191;0;0;35
1935;16;72;59;534;571;52.0;277;318;96;75;0;12.75;89;25;3;93;17;3;1994;1768;249;221;0;0;25
2158;20;119;22;1077;304;55.9;146;349;112;83;0;8.75;77;26;1;64;7;3;18774;10228;1877;1022;0;0;65
2161;16;38;48;466;569;45.7;259;308;87;56;0;8.63;50;5;2;57;11;1;5613;9687;701;1210;0;0;44
2162;18;33;58;481;652;45.8;328;322;82;64;0;8.33;53;6;1;53;8;2;6476;10696;809;1069;0;0;32
2163;18;46;52;504;641;51.0;327;351;69;80;0;8.22;74;11;1;68;11;1;13002;9737;1625;973;0;0;54
2164;18;35;62;482;673;46.0;352;367;77;59;0;9.22;63;7;5;63;9;2;6609;9392;660;1174;0;0;42
2167;20;56;85;508;777;50.6;388;293;86;89;0;9.05;70;9;3;79;18;2;7498;13481;749;1348;0;0;50
2168;35;77;81;1019;1218;48.2;615;731;196;197;0;10.11;148;22;1;147;28;2;60537;107177;3783;5640;0;1;64
2173;24;51;88;594;910;45.8;402;449;166;137;0;11.88;104;14;2;108;21;1;966;13364;80;1113;0;0;27
2182;21;69;50;743;561;54.7;252;329;113;88;0;9.76;73;12;1;70;7;1;9756;27225;886;2722;0;0;45
2188;20;71;48;645;503;49.8;239;367;119;102;0;11.45;68;15;2;76;12;2;5381;11849;538;1184;0;0;36
2190;21;55;48;658;545;50.6;292;405;119;126;0;13.43;77;17;2;81;13;1;2766;7563;276;687;0;0;57
2193;24;88;64;943;582;51.5;292;479;128;131;0;9.92;118;19;4;92;17;4;51072;9675;4256;806;0;0;73
2197;30;63;83;705;985;51.0;519;529;194;163;0;10.07;77;9;1;101;15;1;10508;27570;700;1838;0;0;35
2199;30;103;58;1076;672;52.0;310;567;182;170;0;7.73;109;18;3;101;12;2;4999;27550;333;1836;0;0;27
2277;17;45;76;366;716;49.3;338;313;79;85;0;16.71;89;15;4;96;23;1;2441;7626;271;953;0;0;27
2284;15;89;65;630;382;50.1;169;310;72;64;0;14.27;99;24;1;86;24;1;2316;1749;330;218;0;0;12
2287;21;57;86;603;672;49.6;336;369;89;101;0;14.71;100;15;0;109;21;2;1556;11612;155;1055;0;0;31
2308;20;73;71;617;683;51.2;328;336;101;88;0;11.55;75;18;3;84;16;1;18465;12424;1846;1242;0;0;56
2310;19;68;55;659;600;55.3;274;347;104;82;0;10.00;61;8;1;69;10;3;5003;15878;555;1587;0;0;46
2319;18;48;48;520;571;50.0;242;343;101;77;0;8.83;72;15;0;63;9;0;5698;12266;569;1533;0;0;47
2465;19;44;52;540;633;49.7;327;403;103;67;0;7.53;58;8;3;66;10;2;6328;14868;575;1858;0;0;38
2471;19;34;89;479;737;48.0;349;373;79;55;0;10.58;61;4;4;72;11;1;5814;15566;646;1556;0;0;65
2473;20;67;52;581;601;49.1;276;336;98;75;0;6.50;70;9;3;58;6;2;4886;14990;488;1499;0;0;54
2474;20;53;77;486;780;49.6;387;372;84;81;0;7.70;66;10;2;67;22;3;1256;14296;125;1429;0;0;21
2488;23;66;68;712;663;51.6;351;443;122;125;0;10.39;98;16;1;86;11;1;33319;18900;2776;1718;0;0;42
2493;24;74;67;802;691;47.7;331;460;150;102;0;9.00;92;13;2;84;9;2;7553;17772;686;1367;0;0;31
2508;24;63;101;509;1035;47.8;508;424;102;105;0;7.17;79;16;2;69;13;3;3850;15914;296;1446;0;0;25
2517;23;77;67;691;740;50.7;338;388;112;109;0;9.00;78;16;1;78;12;4;12124;20619;1102;1718;0;0;44
2529;19;48;54;517;564;50.4;285;367;112;82;0;9.53;66;8;1;65;9;0;4110;10904;411;1211;0;0;31
2545;30;75;79;774;958;50.0;430;600;179;181;0;10.07;89;15;1;107;17;1;30731;24375;1920;1741;0;0;48
2557;16;75;49;602;377;51.8;190;292;84;55;0;14.69;95;25;1;90;13;1;1415;1630;157;232;0;0;31
2564;14;27;44;400;553;47.5;255;280;85;70;0;17.50;50;8;2;69;13;0;22469;30130;3209;4304;0;0;47
2579;8;34;34;249;244;49.4;122;156;39;35;0;10.25;33;7;1;25;7;1;1420;1316;284;438;0;0;28
2591;28;72;69;820;860;49.2;439;562;191;186;0;10.07;95;14;2;93;16;1;11668;19646;972;1227;0;0;44
2620;26;83;74;952;763;49.1;415;543;130;137;0;7.85;100;21;2;88;13;1;26166;23033;1869;1919;0;0;41
2626;11;32;29;334;368;49.6;153;169;60;49;0;9.64;44;7;0;44;4;0;7365;21201;1227;4240;0;0;51
2632;14;28;62;331;591;46.1;314;257;62;60;0;14.71;63;6;0;72;14;0;588;1825;98;228;0;0;44
3721;29;61;91;721;1011;48.0;477;586;137;166;0;9.34;112;13;4;109;21;1;15970;32397;1597;1705;0;0;29
3730;30;66;67;756;894;48.8;456;658;167;181;0;8.33;97;11;0;88;9;1;23363;24882;1557;1658;0;0;28
3737;21;62;63;695;608;48.2;277;424;134;110;0;11.33;83;14;2;72;16;1;27777;23281;3086;1940;0;0;47
3789;34;79;87;1139;1063;50.3;502;666;156;186;0;12.68;171;20;2;165;20;4;144217;103687;7590;6912;0;0;42
3795;10;40;32;390;301;51.0;144;157;53;44;0;14.50;56;13;1;52;7;1;8223;9544;1644;1908;0;0;66
3796;13;47;41;447;451;48.7;216;263;59;54;0;22.85;90;14;3;105;16;3;15334;9590;2190;1598;0;0;72
3797;13;49;53;419;510;49.6;230;258;71;44;0;24.38;105;20;0;105;21;2;13960;9066;1745;1813;0;0;70
3798;12;36;46;410;461;46.6;220;245;59;43;0;20.92;90;14;0;83;15;1;12206;9996;2034;1666;0;0;68
3800;12;49;36;428;355;51.4;174;252;52;60;0;22.50;88;13;0;73;14;0;9165;14412;2291;1801;0;0;72
3913;31;71;76;865;959;45.2;466;581;164;169;0;10.87;119;19;5;128;15;2;75671;24642;4729;1642;0;0;66
3916;12;34;35;318;384;48.6;212;292;61;54;0;10.67;39;10;1;38;7;1;44788;24712;6398;4942;0;0;58
3922;24;59;65;708;844;48.7;411;472;145;175;0;10.13;113;14;3;100;14;0;3304;13746;275;1145;0;0;25
3965;20;48;68;570;774;47.9;366;446;110;123;0;8.00;54;10;2;62;17;0;2927;19259;325;1750;0;0;48
4182;21;50;55;686;665;48.9;327;509;116;154;0;10.10;79;16;0;70;8;0;194042;124227;16170;13803;1;1;92
4245;15;46;42;485;424;49.2;222;279;102;89;0;15.73;77;16;1;67;11;2;51281;30248;8546;3360;0;0;70
4246;12;33;35;341;388;51.0;197;212;65;49;0;9.25;47;9;1;38;7;0;7251;19998;1812;2499;0;0;58
4247;12;51;28;450;349;50.1;167;215;66;62;0;11.17;37;5;1;47;6;1;18367;31140;3061;5190;0;0;87
4337;7;33;35;216;202;53.8;117;100;30;40;0;8.43;20;7;0;23;7;0;256;1538;128;307;0;0;26
4535;23;64;88;622;779;46.1;413;398;117;110;0;12.35;79;16;1;82;17;1;16336;29971;1485;2497;0;0;37
4538;21;64;59;629;574;49.5;266;409;92;80;0;9.10;66;12;1;75;10;3;3017;11441;301;1040;0;2;30
4560;24;51;99;493;987;46.9;480;407;161;149;0;9.88;89;14;1;107;28;1;4319;14639;359;1219;0;0;65
4619;17;46;49;613;521;52.6;244;330;85;91;0;11.29;80;10;0;59;12;0;27339;52833;3417;5870;0;0;65
4620;14;48;44;487;389;52.0;202;263;76;80;0;10.86;50;5;0;49;12;1;28768;21989;4794;2748;0;0;76
4635;12;33;46;412;428;53.3;210;244;62;46;0;20.75;71;13;4;82;13;1;5815;12095;969;2015;0;0;65
4636;28;68;53;778;810;52.1;403;477;174;146;0;8.82;76;16;0;81;18;1;18080;11770;1291;840;0;0;37
4644;19;35;86;493;735;46.8;374;323;93;69;0;12.00;62;4;4;73;20;1;23509;12774;2612;1277;0;0;47
4714;11;41;52;310;360;51.3;178;217;60;51;0;12.27;43;10;1;48;9;0;46067;1767;4606;1767;0;0;62
4715;10;41;25;314;308;46.1;143;253;50;35;0;17.00;45;9;0;48;10;1;20842;6521;2605;3260;0;1;87
4742;20;70;79;551;603;49.4;343;387;117;111;0;17.60;77;15;0;88;18;1;8032;4461;803;446;0;0;45
4794;15;45;74;437;471;50.6;222;283;79;80;0;17.47;88;10;1;86;20;2;1076;1960;153;245;0;0;38
4837;18;53;46;696;442;52.1;220;337;100;92;0;12.11;75;11;1;80;6;2;50369;30379;5036;3797;0;0;51
4838;20;59;67;625;660;49.7;340;449;116;118;0;7.25;57;15;0;62;10;1;115325;160650;12813;14604;0;2;84
4839;10;26;47;289;353;46.8;187;227;56;57;0;11.10;41;7;1;46;14;0;12329;15546;2465;3109;0;0;70
4840;18;37;66;512;683;54.2;318;322;62;67;0;8.56;51;5;0;63;14;1;6897;7631;689;953;0;0;49
4849;14;41;40;389;531;52.1;258;236;62;66;0;12.57;48;5;1;54;8;0;12419;30154;2483;3350;0;0;47
4864;29;93;71;1011;752;50.5;376;528;152;125;0;8.69;98;19;1;107;13;4;4979;26430;331;1887;0;0;66
4919;14;43;60;414;466;49.8;247;293;74;49;0;13.36;66;16;1;64;14;1;38229;10721;4247;2144;1;0;90
4920;14;54;36;583;288;49.5;135;255;59;85;0;15.71;65;18;0;61;8;1;18220;25700;3036;3212;0;0;69
4921;16;29;60;394;546;49.8;286;308;85;84;0;12.13;84;8;3;78;20;0;15794;35373;1974;4421;0;0;39
4922;14;35;57;392;491;44.2;268;245;87;74;0;10.86;54;5;3;60;14;1;25994;23140;3249;3856;0;0;34
4923;28;72;60;869;834;52.9;411;537;148;153;0;9.71;104;16;0;97;11;2;62576;27478;5214;1717;0;0;43
4924;30;65;82;811;914;47.3;436;526;154;177;0;8.83;103;14;2;100;17;0;2167;26963;135;1925;0;0;14
4949;27;78;60;942;818;54.0;382;522;139;147;0;9.93;108;13;2;93;16;2;4663;35993;358;2570;0;0;36
4959;27;70;80;803;945;50.7;454;504;128;142;0;7.04;98;12;3;89;15;1;12389;27536;1126;1721;0;0;45
4960;28;110;40;1227;592;56.2;301;549;137;132;0;9.11;113;35;0;91;9;2;2980;12365;186;1030;0;0;62
4961;19;50;75;518;676;45.6;340;344;102;111;0;17.53;77;13;2;89;18;2;3326;5899;332;655;0;0;33
4989;31;63;93;768;1072;49.4;461;567;165;167;0;9.58;104;13;2;115;17;1;5011;23567;294;1683;0;0;13
4991;9;42;34;326;242;48.3;113;174;55;50;0;9.56;36;6;1;23;3;0;7077;31809;3538;4544;0;0;40
4992;12;40;39;357;342;44.8;171;283;80;58;0;12.92;40;11;0;46;11;2;11074;25252;1845;4208;0;0;35
4997;10;48;33;296;293;55.4;161;182;52;38;0;8.90;26;6;1;32;6;2;17268;14703;5756;2100;0;0;63
4998;15;50;66;415;498;52.5;224;305;82;65;0;11.27;52;12;0;53;13;1;13558;19032;1694;2718;0;0;45
5004;22;60;53;578;692;52.9;366;394;96;114;0;9.95;84;10;0;60;17;0;14496;28311;1317;2573;0;0;25
5013;16;64;84;477;549;52.0;287;270;72;67;0;13.06;98;23;0;94;23;0;2128;1576;236;225;0;0;47
